{
  "contentKey": "MC5C5DPGYBSFCRPL57RQI5WJNVDM",
  "urlName": "breaking-down-barriers-and-bias-hounslow-council-hosts-virtual-international-wom",
  "type": "news",
  "body": {
    "bannerImage": {
      "ref": "MC4CXZ2QPAHRH3HP2G4SOJNXMUZI"
    },
    "title": "Breaking down barriers and bias: Hounslow Council hosts virtual International Women’s Day event",
    "body": "\u003cp\u003eCouncillor Katherine Dunne, Cabinet Member for Communities, hosted an inspiring virtual form last week to celebrate International Women’s Day. Business representatives from across the borough came together to discuss how to tackle unconscious bias and how to create a more diverse, equitable, and inclusive society.\u003c/p\u003e\u003cp\u003eKey speakers included:\u003c/p\u003e\u003cul\u003e\u003cli\u003e\u003cb\u003eThe Deputy Leader of Hounslow Council, Councillor Lily Bath,\u003c/b\u003e\u0026nbsp;who is also the Cabinet Member for Housing and Social Inclusion.\u003c/li\u003e\u003cli\u003e\u003cb\u003eMonique Choudhuri, Non-Executive Board Member of Brentford FC\u003c/b\u003e. Monique is also board member of Women in Football and a strategic leadership consultant.\u003c/li\u003e\u003cli\u003e\u003cb\u003eMandy Skinner, Assistant Chief Executive of Hounslow Council\u003c/b\u003e, who oversees the Council’s corporate strategy and transformation programme – One Hounslow. Mandy was joined by Dr Margaret Joojo-Richards who is Service Manager for Hounslow Adult and Community Education and Jo Robertson who works in HR at Hounslow Council\u003c/li\u003e\u003cli\u003e\u003cb\u003eDebbie Ellison, Global Chief Digital Officer at VMLY\u0026amp;R COMMERCE\u003c/b\u003e. A highly respected and active champion of inclusion and diversity, Debbie joined the EMpower /Yahoo Finance Ethnic Minority Role Model List and was named “Industry Shaper “in the Women in Marketing Global Awards.\u003c/li\u003e\u003cli\u003e\u003cb\u003eJasmine Ibikunle, Front End Dev Engineer\u003c/b\u003e\u0026nbsp;who also created The Black Awards to\u0026nbsp;uplift and inspire young black people – particularly those from underprivileged backgrounds.\u003c/li\u003e\u003c/ul\u003e\u003cp\u003eJasmine and Debbie shared their journeys of breaking the bias to get to the top of a traditionally male-dominated IT industry.\u003c/p\u003e\u003cp\u003e\u003cb\u003eCllr Katherine Dunne, Cabinet Member for Communities, said:\u003c/b\u003e\u003c/p\u003e\u003cp\u003e\u003ci\u003e“We can’t make meaningful change happen without having open and honest conversations about the biases – and often discrimination – women face.\u003c/i\u003e\u003c/p\u003e\u003cp\u003e\u003ci\u003e“This forum illuminated the fantastic progress women have made in politics, business and public life – often overcoming multiple barriers to achieve success. However, what we really need to do is ensure these barriers are removed for future generations.”\u003c/i\u003e\u003c/p\u003e\u003cp\u003e\u003cb\u003eThe Deputy Leader of Hounslow Council, Cllr Lily Bath, also attended another forum organised by the Hounslow Chamber of Commerce at Sky this week, she said:\u003c/b\u003e\u003c/p\u003e\u003cp\u003e\u003ci\u003e“With only 36% of elected councillors being female, and 17%\u003c/i\u003e\u0026nbsp;\u003ci\u003ebeing council leaders, I am keen to widen female participation in politics and to empower women to overcome the existing structural and cultural barriers to getting involved in politics.”\u003c/i\u003e\u003c/p\u003e\u003cp\u003e\u003cb\u003eWith the theme this year being #BreakTheBias, Monique Choudhuri, Non-Executive Board Member of Brentford FC, spoke about tackling unconscious bias. She said:\u003c/b\u003e\u003c/p\u003e\u003cp\u003e\u003ci\u003e“As a specialist consultant in inclusive leadership and cultures, I have seen first-hand how biases – particularly unconscious biases – are ingrained in workplaces.\u003c/i\u003e\u003c/p\u003e\u003cp\u003e\u003ci\u003e“Breaking the bias is no easy task. It is only through a seismic cultural shift that we can make change happen. The fact Brentford FC are hosting a series of matches for the Women’s Euros is just one example of us breaking these biases and showcasing the very best football talent.\u003c/i\u003e\u003c/p\u003e\u003cp\u003e\u003ci\u003e“Another example is how we have pushed to have a more diverse board; we know that with diversity you benefit from a wide range of experiences, backgrounds and multiple perspectives.”\u003c/i\u003e\u003c/p\u003e\u003cp\u003e\u003ca href\u003d\"https://democraticservices.hounslow.gov.uk/documents/g12236/Printed%2520minutes%2520Tuesday%252008-Feb-2022%252019.00%2520Cabinet.pdf?T\u003d1\" target\u003d\"_blank\"\u003eRead more about Hounslow Council\u0027s Equality, Diversity and Inclusion strategy.\u003c/a\u003e\u003c/p\u003e\u003cp\u003e\u003cbr\u003e\u003c/p\u003e",
    "excerpt": "Hounslow celebrates International Women\u0027s Day with virtual forum."
  }
}