{
  "contentKey": "MCOVFZGGGNTVBQFD5M42U6CRST4E",
  "urlName": "isleworth-library-reopens-with-a-green-upgrade",
  "type": "news",
  "body": {
    "bannerImage": {
      "ref": "MCY7MJOXUKSBEXFPEI7H4HWJLMPQ"
    },
    "title": "Isleworth Library reopens with a green upgrade",
    "body": "\u003cp\u003eIsleworth Library reopened its doors this week, boasting a range of new green upgrades for both residents and customers. Having declared a Climate Emergency in 2019, Hounslow Council pledged to become a net-zero carbon local authority by 2030.\u0026nbsp;To support this ambition, the Council is introducing carbon-cutting and energy-saving measures in schools and public buildings across the borough. This is part of a wider programme of £18.9m investment from the Government’s Public Sector Decarbonisation Fund.\u003c/p\u003e\u003cp\u003eThe improvement works at Isleworth Library include solar panels and energy-efficient lightbulbs. The Council has also replaced traditional gas-fired boilers with modern Air Source Heat Pumps supplying low-cost energy-saving heating and hot water.\u003c/p\u003e\u003cp\u003eThese improvements will reduce costs by 23 per cent and reduce the building’s (Isleworth Leisure Centre and Library) carbon emissions by 50 per cent.\u003c/p\u003e\u003cp\u003e\u003cb\u003eHounslow Council’s Cabinet Member for Communities and Climate Emergency, Councillor Katherine Dunne, said:\u003c/b\u003e\u003c/p\u003e\u003cp\u003e“The Council is rising to the challenges of climate change by making our buildings as energy-efficient as we possibly can. Our strategy has been to take a fresh look at everything we do as a Council to ensure we’re playing our part in protecting the environment for future generations\u003c/p\u003e\u003cp\u003e“The improvements at Isleworth Library are a great example of how we can reduce our carbon footprint while simultaneously cutting our running costs.”\u003c/p\u003e\u003cp\u003e\u003cb\u003eCouncillor Samia Chaudhary, Cabinet Member for Leisure Services, said\u003c/b\u003e: “We are committed to making sure our leisure facilities are of the highest standard. The improvements made to Isleworth Library means a more enjoyable experience for residents and users.\u0026nbsp;We all have a duty to do what’s best for the environment and we must continue to act now in our response to a global climate emergency.\u003c/p\u003e\u003cp\u003e“The improvements carried out at Isleworth Library will go a long way in reducing our carbon footprint and ensuring the library is fit for use for many years to come.”\u003c/p\u003e\u003cp\u003e\u003cbr\u003e\u003c/p\u003e",
    "excerpt": "Isleworth Library has re-opened with a range of green upgrades for both residents and customers."
  }
}