{
  "contentKey": "MCFQK2SNOUYFA2HGP4WUFKWF626E",
  "urlName": "the-queen-s-platinum-jubilee",
  "type": "news",
  "body": {
    "bannerImage": {
      "ref": "MCGYEHLJU3NNGYZK7SPSOS3JBX7A"
    },
    "title": "The Queen\u0027s Platinum Jubilee",
    "body": "\u003cp style\u003d\"text-align: justify;\"\u003eLorem ipsum dolor sit amet, consectetur adipiscing elit. Proin lectus lacus, varius vulputate mollis vitae, vehicula maximus ipsum. Nunc eu ultricies velit. Pellentesque eleifend gravida dui ac euismod. Maecenas volutpat mi libero, a faucibus felis congue at. Praesent eget lacus eu lacus viverra sollicitudin ac posuere odio. Aliquam viverra risus vel auctor facilisis. Vestibulum viverra ut sapien quis interdum. Interdum et malesuada fames ac ante ipsum primis in faucibus. Donec at suscipit nibh. Aenean efficitur feugiat massa ut scelerisque. Pellentesque ultricies, dolor sit amet porta porttitor, orci urna hendrerit ligula, et maximus nisl libero in sem.\u003c/p\u003e\u003cp style\u003d\"text-align: justify;\"\u003eEtiam at ultricies neque. Nulla commodo mollis lectus, eu vehicula nisl. Pellentesque luctus lacinia tortor. Quisque eget tellus sagittis, ullamcorper dui laoreet, fermentum nulla. Curabitur at nibh vitae orci gravida aliquam. Nunc imperdiet, felis eget suscipit sodales, ex orci condimentum augue, a consectetur nulla libero sed purus. Class aptent taciti sociosqu ad litora torquent per conubia nostra, per inceptos himenaeos. Pellentesque sagittis enim elit, at sodales dui bibendum in. Nunc tempor justo a diam hendrerit, fringilla dignissim urna dignissim. Nam tempus urna eu metus finibus accumsan sed ac justo. Class aptent taciti sociosqu ad litora torquent per conubia nostra, per inceptos himenaeos. Vivamus lacinia nisi et enim congue, ut placerat elit pellentesque. Pellentesque magna justo, tincidunt dictum risus tempor, suscipit pretium leo. In rhoncus nulla quis posuere interdum.\u003c/p\u003e\u003cp style\u003d\"text-align: justify;\"\u003eVivamus dapibus erat vitae mauris mattis aliquet. Mauris dui sapien, imperdiet id bibendum eu, ultricies eget libero. Etiam ultricies, ligula in malesuada accumsan, nunc ante sagittis ipsum, aliquet imperdiet massa lacus id est. Nulla eu semper dolor, ac fringilla turpis. Maecenas posuere nec ante vel vestibulum. Nam tristique odio a euismod auctor. Nullam porttitor ex quis neque congue aliquam. Sed neque metus, consectetur eu ex sit amet, ultrices convallis lorem. Morbi hendrerit venenatis placerat. Vestibulum pretium massa et neque tempor, nec semper libero dignissim. Morbi ut porttitor dui.\u003c/p\u003e\u003cp style\u003d\"text-align: justify;\"\u003eInteger efficitur odio vitae ultricies accumsan. Vestibulum mattis feugiat felis eu hendrerit. Curabitur commodo efficitur lacus ut faucibus. Phasellus ultricies ac justo at elementum. Ut hendrerit magna nec lacus bibendum bibendum. Vestibulum ante ipsum primis in faucibus orci luctus et ultrices posuere cubilia curae; Vestibulum condimentum pellentesque felis, sit amet volutpat ipsum fringilla in. Duis consectetur placerat nisl, at porttitor mi fermentum eu. Aliquam maximus est in nibh efficitur varius. Maecenas elit nisl, lobortis sed enim non, hendrerit vehicula felis. Fusce blandit finibus neque aliquet laoreet. Ut fermentum molestie nisi vel varius. Suspendisse convallis lectus at metus ornare sagittis. Fusce consectetur imperdiet vehicula. Suspendisse eu lorem at nisi dignissim auctor ac sit amet enim. Aenean consequat porta dictum.\u003c/p\u003e\u003cp style\u003d\"text-align: justify;\"\u003ePhasellus quis mattis nulla. Duis elementum turpis vel cursus dapibus. Maecenas a risus metus. Morbi nec nunc eu mi maximus tincidunt quis sit amet lorem. Phasellus ac elit tristique, porta justo id, eleifend nunc. Nulla pulvinar velit ut odio sollicitudin laoreet. Integer at sem venenatis, egestas mi eu, eleifend dolor. Donec mattis euismod viverra. Fusce luctus massa leo, sed consectetur nunc dignissim nec. In suscipit eleifend tellus, sit amet ultrices nulla feugiat ac. Cras ac facilisis arcu, a congue metus. Ut ante ante, posuere id tortor ut, congue lobortis turpis.\u003c/p\u003e\u003cp style\u003d\"text-align: justify;\"\u003e\u003cbr\u003e\u003c/p\u003e\u003cp\u003e\u003cbr\u003e\u003c/p\u003e"
  }
}